amp-ave,amp-sd,phase-ave,phase-sd,group
22.148,5.538,2.839,0.144,1
21.426,5.412,2.872,0.147,1
18.596,4.68,-2.528,0.136,1
21.087,5.256,-2.542,0.162,1
21.643,5.575,-1.272,0.156,1
20.116,5.456,-0.592,0.149,1
19.248,5.184,2.13,0.153,1
21.305,6.112,1.836,0.186,1
18.821,5.543,-0.24,0.174,1
18.637,5.259,1.269,0.192,1
21.007,6.506,0.329,0.208,1
18.255,5.469,1.819,0.2,1
18.054,5.516,1.332,0.194,1
20.206,6.022,-2.075,0.167,1
18.435,5.711,-1.191,0.174,1
22.252,6.803,-1.705,0.207,1
20.63,6.118,-2.212,0.18,1
18.248,5.526,-1.553,0.174,1
19.902,5.95,2.488,0.187,1
21.82,6.464,-0.151,0.156,1
20.306,5.651,1.662,2.45,1
20.483,5.671,-2.246,0.189,1
18.057,5.284,1.456,2.592,1
21.431,6.205,2.044,0.203,1
21.402,6.734,-0.164,0.164,1
19.128,6.002,0.631,0.164,1
20.28,5.895,-2.234,0.159,1
20.605,6.108,-1.633,0.154,1
18.648,5.458,-0.84,0.143,1
19.015,5.082,2.704,0.186,1
21.532,5.53,-1.889,0.122,1
20.615,5.469,-0.196,0.163,1
17.226,4.251,-0.141,3.066,1
17.174,4.276,0.078,3.075,1
19.608,5.24,0.138,0.155,1
20.466,5.145,2.376,1.596,1
18.685,4.755,-2.765,0.159,1
20.595,5.267,-1.622,0.169,1
21.384,6.084,0.273,0.131,1
19.248,5.656,0.095,0.127,1
20.574,5.734,-0.592,0.129,1
19.503,5.639,2.147,0.175,1
19.979,5.587,2.738,0.145,1
20.607,6.067,0.973,0.164,1
22.07,6.257,1.466,2.624,1
20.861,6.198,1.277,0.178,1
19.549,5.846,-0.909,0.176,1
22.204,6.297,-2.205,0.171,1
19.392,5.539,2.4,0.189,1
18.92,5.537,1.733,0.192,1
20.778,6.269,0.789,0.19,1
21.306,6.188,2.801,0.179,1
17.331,5.08,-1.536,0.156,1
18.532,5.654,0.202,0.184,1
17.652,5.086,-1.362,0.148,1
16.353,5.026,0.773,0.205,1
21.709,6.068,-1.695,0.157,1
19.644,5.45,0.472,2.998,1
19.123,5.313,1.625,2.448,1
17.21,4.849,-1.717,0.14,1
21.313,6.119,-1.426,0.164,1
20.593,5.768,-2.58,0.165,1
16.125,4.8,0.109,0.169,1
17.747,5.067,1.942,0.194,1
15.645,4.543,2.184,0.214,1
20.742,6.021,-0.711,0.191,1
19.165,5.378,-2.098,0.189,1
17.864,5.422,0.732,0.199,1
18.723,5.604,0.735,0.179,1
19.506,5.34,-2.617,0.137,1
21.777,6.017,1.188,2.762,1
20.227,5.611,-2.105,0.172,1
16.894,5.052,-0.506,0.148,1
18.133,5.526,0.101,0.181,1
18.306,5.559,0.201,0.185,1
19.746,5.893,-2.375,0.168,1
18.125,5.955,0.619,0.24,1
17.729,5.253,1.554,2.385,1
19.944,6.18,-2.817,0.223,1
18.776,6.008,2.117,0.268,1
14.924,4.924,-0.564,0.194,1
20.001,6.253,-1.88,0.195,1
19.61,5.715,2.31,0.21,1
19.574,5.592,-2.01,0.181,1
18.341,5.599,1.003,0.217,1
16.828,5.249,0.494,0.188,1
18.316,5.58,0.824,0.21,1
18.914,5.787,0.711,0.202,1
18.362,5.603,1.162,0.201,1
19.148,6.108,0.412,0.204,1
20.528,6.088,2.737,0.223,1
19.716,6.26,-1.146,0.211,1
18.898,6.289,0.338,0.237,1
21.865,6.608,-2.144,0.174,1
18.99,5.972,1.468,0.244,1
18.68,5.87,1.017,0.218,1
20.04,5.79,-2.681,0.198,1
19.348,5.868,-1.049,0.221,1
19.776,5.755,-2.45,0.185,1
19.061,5.752,1.817,0.238,1
17.954,5.171,1.305,2.6,1
20.05,5.828,-2.271,0.198,1
16.69,5.228,0.782,0.223,1
19.021,5.628,1.82,0.225,1
17.904,5.072,1.192,2.743,1
19.677,5.677,1.453,2.552,1
19.88,5.903,-1.518,0.193,1
17.98,5.249,1.413,2.539,1
18.801,5.72,1.411,0.239,1
19.925,6.01,-1.33,0.216,1
17.065,5.277,0.76,0.211,1
19.92,6.005,-1.367,0.195,1
20.104,5.885,-2.209,0.188,1
19.068,5.769,1.508,0.242,1
20.105,5.704,1.087,2.776,1
20.078,5.707,1.103,2.769,1
20.095,5.785,-2.215,0.226,1
17.065,4.96,2.429,0.226,1
19.041,5.438,2.418,1.385,1
18.404,5.475,1.652,0.233,1
19.707,5.584,-2.356,0.19,1
19.097,5.971,0.199,0.241,1
19.801,5.847,-1.545,0.207,1
18.366,5.584,0.773,0.238,1
16.196,4.977,0.795,0.208,1
18.05,5.121,-1.779,0.209,1
19.79,5.872,-1.105,0.213,1
21.025,6.201,-0.123,0.206,1
20.214,5.694,1.172,2.707,1
19.482,5.803,-0.609,0.198,1
18.498,5.105,-2.404,0.184,1
19.448,5.976,0.068,0.211,1
17.161,4.912,-1.309,0.203,1
18.636,5.098,-2.761,0.188,1
20.014,5.513,-2.617,0.198,1
19.873,5.462,-1.895,0.191,1
16.643,5.026,1.011,0.2,1
18.248,5.183,2.179,0.224,1
19.745,5.529,2.488,0.183,1
17.466,5.028,-1.035,0.194,1
16.501,5.022,0.829,0.222,1
19.189,5.245,2.459,0.195,1
20.293,5.621,-1.837,0.195,1
19.711,5.568,-1.913,0.181,1
17.348,5.98,-0.396,0.248,1
18.749,6.616,0.515,0.274,1
19.701,6.457,-2.434,0.22,1
17.95,5.964,-1.605,0.216,1
19.839,6.502,1.574,2.371,1
18.769,6.536,0.808,0.239,1
20.381,6.661,-1.934,0.232,1
18.881,6.541,0.855,0.224,1
19.334,6.525,2.037,0.268,1
18.236,6.327,-0.895,0.245,1
16.788,5.835,1.18,0.251,1
17.654,5.684,-2.813,0.229,1
21.339,7.394,-1.005,0.252,1
18.805,6.369,1.351,0.273,1
17.64,5.687,-2.464,0.241,1
19.221,6.21,1.311,2.569,1
17.864,5.975,-0.312,2.978,1
16.337,5.696,1.213,0.245,1
20.286,7.042,0.487,0.25,1
21.792,7.199,-1.484,0.233,1
17.896,6.125,0.147,0.242,1
20.233,6.453,-2.139,0.253,1
21.406,6.935,1.549,2.38,1
17.814,5.775,-1.814,0.224,1
16.337,5.657,0.864,0.243,1
17.317,5.56,-2.706,0.207,1
17.181,5.725,-1.036,0.233,1
18.204,6.305,0.459,0.267,1
16.983,5.579,-0.96,0.198,1
18.251,6.258,0.899,0.273,1
19.931,6.514,-2.119,0.217,1
19.897,6.474,-2.509,0.249,1
18.811,6.41,0.762,0.233,1
19.966,6.434,-1.62,2.498,1
19.129,6.663,-0.243,0.229,1
17.312,5.749,1.955,0.235,1
22.454,7.439,-1.983,0.225,1
18.294,6.003,-2.148,0.238,1
19.636,6.603,2.463,0.238,1
21.758,7.419,-1.566,0.234,1
17.975,5.819,1.556,2.473,1
19.59,6.459,2.271,0.278,1
18.859,6.442,1.306,0.238,1
17.994,6.17,-1.376,0.216,1
18.173,6.044,-1.709,0.222,1
19.477,6.313,-2.625,0.237,1
19.409,6.35,-2.334,0.242,1
20.599,7.263,0.618,0.25,1
19.571,6.462,-2.853,0.243,1
20.553,7.342,0.882,0.246,1
19.525,6.467,-1.809,0.218,1
21.504,7.137,2.67,0.232,1
20.469,7.151,0.866,0.227,1
17.162,6.278,-0.122,0.234,1
22.175,7.419,1.441,2.538,1
21.165,7.499,-0.553,0.233,1
19.745,6.791,-1.11,0.243,1
16.737,5.733,1.969,0.269,1
18.735,6.317,2.249,0.268,1
18.119,6.408,1.038,0.278,1
17.014,6.462,0.075,0.267,1
19.985,6.663,1.463,2.515,1
19.467,6.55,2.559,0.235,1
19.206,6.639,-1.332,0.245,1
21.382,7.461,2.226,0.258,1
18.785,6.736,-0.616,0.274,1
21.564,7.244,1.629,2.293,1
19.12,6.424,2.16,0.276,1
18.509,6.255,2.073,0.261,1
20.597,7.335,0.76,0.275,1
21.975,7.206,1.242,2.642,1
19.795,6.656,2.6,0.247,1
17.049,5.809,2.276,0.252,1
18.614,6.262,2.21,0.254,1
19.503,6.582,2.409,0.256,1
18.408,6.49,1.463,0.251,1
20.892,7.388,1.859,0.235,1
17.457,5.933,-1.385,0.203,1
19.524,6.572,-1.659,0.234,1
21.213,7.536,0.327,0.231,1
18.976,6.674,1.594,0.268,1
18.657,6.432,1.758,0.238,1
19.406,6.804,-0.601,0.248,1
20.29,7.287,0.46,0.244,1
17.088,6.168,0.562,0.222,1
17.07,5.979,1.114,0.243,1
18.551,6.581,0.193,0.28,1
20.925,7.341,1.145,0.245,1
19.221,6.861,0.353,0.24,1
18.359,6.091,-2.326,0.214,1
19.389,6.873,-0.056,0.245,1
21.623,7.476,-0.43,0.255,1
19.317,6.731,-0.341,0.222,1
19.142,6.921,0.243,0.228,1
19.103,6.703,1.603,0.231,1
20.52,6.634,-2.6,0.211,1
19.806,6.791,-0.661,0.236,1
19.844,6.769,-1.268,0.222,1
17.39,5.95,2.088,0.276,1
20.585,6.847,-1.832,0.22,1
20.257,6.903,-1.488,0.23,1
20.452,7.175,-0.384,0.221,1
17.266,6.167,0.173,0.269,1
17.671,6.184,-0.553,0.234,1
18.577,6.18,-2.166,0.242,1
19.896,6.7,-1.907,0.227,1
17.245,6.151,-0.041,0.238,1
19.099,6.766,0.384,0.251,1
19.69,6.816,-0.776,0.23,1
20.184,6.573,1.62,2.39,1
21.742,7.522,-0.625,0.215,1
22.46,7.508,-1.423,0.231,1
21.378,7.197,2.036,0.251,1
18.979,6.485,-1.032,0.22,1
19.992,7.047,0.436,0.254,1
17.84,5.924,2.64,0.25,1
20.052,6.639,-1.798,0.238,1
17.835,5.859,-2.792,0.219,1
18.791,6.616,-0.306,0.239,1
19.809,6.424,-2.461,0.243,1
17.027,5.75,-1.324,0.228,1
21.034,6.822,-2.874,0.243,1
19.323,6.356,0.494,2.959,1
21.656,7.375,-1.168,0.219,1
17.767,5.866,-1.86,0.204,1
20.394,6.744,-2.118,0.229,1
16.512,5.83,0.377,0.25,1
18.568,6.444,1.555,0.231,1
19.027,6.28,2.437,0.272,1
20.755,7.173,0.546,0.227,1
19.95,6.512,1.488,2.539,1
19.321,6.585,-1.29,0.215,1
21.698,7.254,-1.197,0.214,1
19.758,6.413,-2.558,0.231,1
18.555,6.392,1.659,0.246,1
16.754,5.817,-0.176,0.225,1
16.837,5.708,1.548,0.24,1
21.879,7.28,-1.838,0.231,1
21.968,7.396,-1.769,0.231,1
17.507,5.921,1.974,0.269,1
18.551,6.578,-0.075,0.248,1
19.552,6.595,-2.88,0.208,1
18.695,6.523,0.962,0.246,1
20.646,7.225,-0.383,0.233,1
19.341,6.427,1.412,2.516,1
18.681,6.597,0.295,0.237,1
20.102,6.824,-1.332,0.212,1
19.731,6.638,-1.935,0.233,1
21.094,7.361,1.025,0.261,1
21.703,7.467,-1.104,0.217,1
17.601,6.015,-0.85,0.243,1
18.943,6.477,2.048,0.272,1
21.353,7.579,0.724,0.237,1
22.469,7.268,-2.052,0.248,1
19.624,6.577,2.09,0.248,1
17.045,6.006,0.281,0.226,1
20.23,6.688,-1.645,0.22,1
20.443,6.835,-2.038,0.241,1
22.685,7.579,-2.893,0.236,1
19.019,6.574,0.831,0.227,1
18.174,6.093,-1.692,0.224,1
20.652,6.795,-2.633,0.213,1
18.507,6.098,-1.607,0.213,1
20.924,7.288,-0.289,0.214,1
19.799,6.535,2.46,0.229,1
19.427,6.475,2.03,0.252,1
18.374,6.048,-2.375,0.231,1
19.085,6.334,2.499,0.251,1
18.162,6.335,-0.166,0.205,1
16.656,5.863,0.304,0.252,1
21.466,7.169,2.314,0.23,1
18.033,6.101,1.827,0.243,1
20.078,6.519,-2.797,0.25,1
19.806,6.352,-2.261,0.22,1
17.922,5.988,-2.875,0.219,1
21.04,7.189,-0.096,0.229,1
17.854,5.774,-2.196,1.96,1
20.986,7.108,1.712,0.236,1
19.285,6.447,-1.564,0.237,1
21.004,7.192,1.56,0.244,1
19.102,6.222,1.916,1.987,1
19.774,6.64,-2.005,0.24,1
19.346,6.374,-1.49,0.217,1
19.084,6.717,1.028,0.246,1
21.135,7.207,1.693,0.267,1
21.921,7.352,-1.569,0.236,1
19.333,6.428,1.822,2.102,1
18.882,6.466,-0.412,0.208,1
19.421,6.298,-2.885,0.232,1
18.427,6.408,0.503,0.257,1
21.126,7.419,0.396,0.247,1
18.431,6.344,0.744,0.247,1
17.859,5.796,-2.071,0.21,1
21.175,6.875,-2.632,0.195,1
17.423,6.047,-0.541,0.249,1
18.638,6.328,1.67,0.23,1
19.567,6.39,-1.864,0.207,1
19.575,6.489,2.215,0.24,1
19.736,6.784,-0.792,0.239,1
20.996,7.333,0.362,0.24,1
19.599,6.443,-2.793,0.266,1
17.834,5.735,-2.702,0.231,1
18.608,6.404,1.898,0.242,1
19.492,6.454,2.324,0.263,1
19.186,6.039,-2.468,0.218,1
22.152,7.201,-1.9,0.226,1
18.416,6.265,1.412,0.249,1
18.901,6.526,-0.489,0.227,1
20.957,7.334,0.807,0.259,1
19.553,6.338,1.358,2.606,1
18.842,6.543,0.994,0.268,1
19.732,6.564,2.282,0.246,1
19.227,6.683,0.356,0.242,1
18.293,6.062,1.271,2.653,1
19.853,6.589,2.571,0.234,1
20.236,6.541,0.584,2.945,1
17.879,5.819,2.407,0.255,1
20.331,6.831,-1.701,0.248,1
20.467,6.611,-1.96,0.243,1
20.709,6.744,-2.384,0.202,1
19.608,6.529,1.997,0.264,1
17.362,6.097,1.671,0.235,1
20.566,6.743,-1.874,0.226,1
18.917,6.483,-0.847,0.228,1
18.446,6.324,1.565,0.255,1
17.921,5.771,-2.786,0.233,1
17.433,5.712,2.549,0.24,1
19.391,6.782,-0.425,0.245,1
18.483,6.298,1.427,0.24,1
17.016,5.913,-0.561,0.233,1
17.815,5.881,1.626,2.406,1
22.022,7.192,-2.785,0.223,1
17.63,6.136,-0.805,0.238,1
19.492,6.407,-1.647,0.227,1
17.608,6.083,2.162,1.711,1
17.995,6.222,1.651,0.217,1
20.967,7.074,2.017,0.235,1
16.825,5.83,-0.21,0.213,1
17.864,5.849,-2.068,0.216,1
18.491,6.505,0.104,0.238,1
19.698,6.469,2.701,0.222,1
16.977,5.806,1.631,0.233,1
21.002,7.272,0.153,0.233,1
16.622,5.922,0.109,0.246,1
17.123,5.886,2.27,0.216,1
17.914,5.849,-1.844,0.206,1
22.195,7.38,-1.769,0.211,1
19.802,6.524,2.657,0.243,1
18.644,6.397,1.622,0.228,1
19.733,6.548,-1.691,0.205,1
19.27,6.679,0.32,0.228,1
17.299,6.197,0.087,0.223,1
19.425,6.74,-0.651,0.21,1
19.246,6.701,-0.298,0.211,1
22.371,7.588,-1.316,0.208,1
17.892,5.964,2.51,0.214,1
18.466,5.941,0.885,2.865,1
19.869,6.429,1.274,2.661,1
18.508,6.068,-1.965,2.209,1
19.688,6.503,2.43,0.266,1
20.543,6.688,-2.773,0.234,1
17.755,6.16,-0.521,0.237,1
18.327,6.269,-1.243,0.201,1
20.357,6.789,-1.306,0.212,1
19.659,6.435,0.106,3.018,1
18.444,6.264,1.591,0.234,1
19.562,6.567,2.156,0.23,1
20.583,6.788,2.329,0.247,1
19.385,6.218,2.608,0.215,1
19.047,6.539,-0.799,0.2,1
18.729,6.467,-0.073,0.223,1
19.268,6.313,1.924,1.99,1
17.553,5.713,1.357,2.592,1
19.422,6.452,-1.131,0.216,1
21.79,7.214,2.633,0.228,1
15.119,5.169,1.772,0.254,1
19.727,6.39,-2.663,0.201,1
20.166,6.72,-1.696,0.223,1
21.225,7.046,1.747,0.23,1
19.052,6.544,-0.698,0.216,1
19.7,6.891,-0.671,0.229,1
19.414,6.369,2.697,0.21,1
19.621,6.443,1.635,2.395,1
18.757,6.626,-0.157,0.236,1
17.147,6.007,-0.655,0.231,1
18.613,6.368,1.509,0.241,1
18.296,5.935,-2.548,0.226,1
19.409,6.22,1.324,2.587,1
18.249,6.554,1.212,0.228,1
18.721,6.402,1.697,0.251,1
20.09,6.686,1.44,2.554,1
21.118,7.311,0.568,0.245,1
18.692,5.967,-2.163,0.211,1
19.391,6.567,-0.478,0.213,1
18.327,6.392,0.956,0.242,1
16.905,5.599,2.391,0.242,1
19.246,6.169,-2.639,0.222,1
16.234,5.803,0.837,0.23,1
18.46,6.389,-0.088,0.227,1
21.863,7.061,2.254,1.55,1
16.768,5.55,-1.455,0.205,1
18.557,6.18,1.914,0.267,1
18.323,6.38,0.8,0.248,1
18.682,6.495,-0.357,0.204,1
18.299,6.424,0.128,0.231,1
17.539,5.959,2.362,0.251,1
18.541,6.164,2.092,0.248,1
16.616,5.78,-0.637,0.223,1
18.144,6.289,0.132,0.244,1
19.517,6.246,-2.321,1.813,1
18.244,6.379,-0.177,0.216,1
19.061,6.163,-2.788,0.229,1
18.891,6.303,-1.794,0.212,1
18.445,6.207,1.568,0.216,1
20.291,6.917,1.383,0.212,1
19.469,6.426,-1.748,0.22,1
22.669,7.459,-2.115,0.206,1
19.568,6.491,-1.633,0.203,1
20.249,6.656,0.121,3.008,1
18.006,6.162,1.512,0.234,1
19.581,6.346,-2.902,0.229,1
22.513,7.388,-1.973,0.231,1
19.872,6.812,-1.131,0.25,1
18.167,5.848,-2.813,0.228,1
16.554,5.8,0.986,0.244,1
21.382,7.382,1.476,0.236,1
16.921,5.863,-0.278,0.239,1
18.676,6.349,1.852,0.226,1
20.786,7.224,0.818,0.237,1
17.039,5.743,1.977,0.253,1
19.722,6.266,1.134,2.757,1
22.072,7.499,-0.813,0.234,1
18.995,6.511,-0.696,0.214,1
18.52,6.274,1.785,0.241,1
19.084,6.741,0.855,0.228,1
22.079,7.415,-1.098,0.248,1
19.753,6.423,-1.756,0.225,1
21.663,7.24,-2.025,0.194,1
19.433,6.79,-0.432,0.217,1
19.663,6.474,-1.854,0.203,1
16.571,5.687,0.947,0.24,1
16.996,5.712,1.965,0.228,1
19.22,6.422,2.236,0.252,1
19.789,6.565,-1.653,0.218,1
19.405,6.335,2.04,0.23,1
19.102,6.584,-0.189,0.221,1
16.532,5.89,0.251,0.257,1
20.987,7.36,0.179,0.233,1
17.025,6.073,-0.208,0.212,1
21.004,7.261,0.401,0.237,1
19.134,6.725,0.532,0.24,1
17.582,6.093,-0.761,0.229,1
21.62,7.338,-1.124,0.223,1
18.45,6.014,-2.739,0.215,1
20.52,6.801,-2.213,0.208,1
18.108,6.176,-1.012,0.194,1
17.19,5.875,-0.251,0.258,2
17.784,5.918,0.045,0.244,2
19.963,6.454,1.095,0.228,2
20.921,6.502,-2.673,0.223,2
20.247,6.752,-0.392,0.228,2
18.866,6.074,-2.803,0.236,2
16.096,5.32,1.974,0.278,2
18.969,5.848,-1.95,0.217,2
18.148,5.744,2.121,0.251,2
20.501,6.35,2.605,0.237,2
18.362,5.725,2.474,0.233,2
20.173,6.792,-0.181,0.193,2
17.406,5.776,0.27,0.22,2
18.387,5.673,-2.222,0.254,2
21.269,6.55,-1.89,0.205,2
18.925,5.862,0.712,2.93,2
18.101,6.085,-0.27,0.228,2
18.844,5.892,-1.624,0.212,2
18.43,6.14,-0.229,0.253,2
17.928,5.952,-0.306,0.225,2
19.604,6.563,0.308,0.25,2
18.468,5.731,2.335,0.229,2
20.321,6.516,1.63,0.275,2
18.754,6.007,-1.256,0.228,2
18.454,5.972,-1.327,0.228,2
17.102,5.775,-0.634,0.235,2
18.046,5.983,-0.905,0.248,2
14.673,4.952,-0.671,0.233,2
18.206,6.204,0.773,0.248,2
16.734,5.411,-1.373,0.201,2
17.442,6.043,0.673,0.274,2
14.072,4.918,1.064,0.254,2
20.852,6.759,-2.344,0.251,2
16.66,5.339,2.18,0.249,2
18.389,6.147,-0.986,0.242,2
19.159,6.114,-2.48,0.225,2
17.8,6.155,0.293,0.295,2
20.985,6.886,-1.409,0.231,2
19.39,6.559,1.191,0.243,2
18.859,6.124,-2.783,0.261,2
18.188,6.281,-0.792,0.267,2
20.756,6.851,1.588,2.375,2
18.518,6.34,-1.041,0.233,2
17.969,6.402,-0.168,0.28,2
20.207,6.929,1.745,0.299,2
18.137,6.376,-0.389,0.278,2
20.919,6.876,0.497,2.941,2
18.261,6.275,-1.098,0.243,2
19.733,7.035,0.61,0.276,2
18.422,6.349,-0.772,0.271,2
20.985,7.051,2.492,0.263,2
18.023,6.139,2.125,0.233,2
18.999,6.272,0.591,2.936,2
19.009,6.2,-2.101,0.259,2
20.856,6.988,-2.695,0.249,2
20.836,6.986,-1.849,0.231,2
20.198,7.004,-0.299,0.246,2
18.508,6.174,-2.224,0.257,2
15.883,5.678,0.792,0.287,2
18.226,6.259,-0.924,0.246,2
20.237,7.2,0.537,0.271,2
21.195,6.94,-2.717,0.248,2
21.229,6.992,1.597,2.358,2
15.676,5.581,0.183,0.259,2
17.668,6.221,0.44,0.248,2
17.822,6.272,0.156,0.242,2
21.319,6.947,-2.825,0.235,2
17.41,5.955,0.984,0.276,2
16.268,5.608,0.514,0.234,2
17.53,5.891,0.396,0.24,2
17.856,5.643,1.879,0.244,2
19.074,5.895,-0.924,0.189,2
19.558,5.648,1.878,2.132,2
17.866,5.516,-0.142,0.229,2
18.648,5.483,-0.1,0.177,2
19.905,5.75,1.075,0.217,2
20.818,5.763,1.628,2.433,2
19.678,5.7,-0.932,0.205,2
17.027,5.119,-0.301,0.233,2
19.709,5.729,1.544,2.398,2
16.537,5.279,0.56,0.214,2
17.589,5.353,-0.763,0.215,2
20.746,6.268,2.55,0.221,2
19.264,6.01,-2.72,0.219,2
17.234,5.637,-2.867,0.234,2
20.174,6.524,-2.285,0.214,2
19.458,6.203,1.007,0.219,2
18.583,5.438,1.653,0.204,2
19.209,5.305,-2.312,0.172,2
18.676,5.216,-2.178,0.189,2
19.455,5.725,1.155,0.169,2
18.205,5.857,1.731,0.206,2
19.878,6.374,1.154,0.17,2
18.564,5.618,2.472,0.166,2
19.203,5.675,1.437,0.169,2
20.203,5.684,-0.24,0.174,2
21.132,5.369,0.392,0.173,2
20.009,4.739,-0.148,0.142,2
20.221,5.303,-2.3,0.156,2
17.173,4.829,2.128,0.179,2
17.23,5.161,1.036,0.176,2
18.876,5.988,0.848,0.175,2
22.742,5.903,0.336,3.019,2
21.829,4.972,0.445,3.02,2
17.772,4.083,1.906,0.137,2
18.483,4.126,0.201,3.057,2
21.525,5.524,-2.182,0.151,2
18.486,5.098,1.617,0.167,2
16.934,5.024,-0.367,0.15,2
18.672,5.454,-0.503,0.14,2
17.256,4.967,-1.022,0.144,2
19.081,5.165,2.674,0.196,2
19.925,5.208,2.198,0.187,2
21.329,4.93,-0.664,0.11,2
21.289,4.851,0.99,0.116,2
21.99,5.147,-0.139,0.121,2
17.33,4.005,2.206,0.13,2
19.846,5.69,2.03,0.185,2
19.322,5.876,1.531,0.179,2
19.69,6.442,-0.37,0.217,2
20.485,6.488,-1.992,0.234,2
16.611,4.886,1.701,0.161,2
21.434,5.6,-1.173,0.148,2
21.319,5.884,-0.637,0.173,2
21.33,5.372,2.649,0.145,2
20.296,4.971,2.507,0.182,2
21.637,4.964,-1.341,0.155,2
16.987,4.136,2.317,0.175,2
20.009,4.869,2.175,0.187,2
20.552,5.009,-2.2,0.152,2
20.92,5.368,1.834,0.145,2
21.211,5.247,-2.089,0.165,2
21.362,4.723,-2.947,0.152,2
21.852,5.022,-2.126,0.152,2
22.179,5.532,-0.044,0.165,2
17.785,4.956,-0.926,0.202,2
20.563,5.48,-2.035,0.198,2
21.762,6.238,2.456,0.246,2
19.508,5.872,-0.782,0.218,2
20.205,6.685,0.753,0.291,2
17.64,5.698,2.317,0.297,2
18.536,6.294,0.287,0.266,2
20.947,7.005,1.129,2.654,2
18.068,7.121,-0.386,0.297,2
19.124,5.492,1.955,0.197,2
20.881,4.428,2.414,0.142,2
19.127,4.032,2.794,0.122,2
19.254,4.372,0.872,0.106,2
21.551,5.019,1.315,0.11,2
19.568,4.575,-0.91,0.15,2
19.237,5.491,1.05,0.134,2
19.005,5.743,1.262,0.166,2
17.674,4.632,-2.277,0.129,2
20.208,5.705,-0.339,0.136,2
20.828,4.555,1.17,2.795,2
19.735,4.623,0.759,0.154,2
18.123,4.689,0.599,0.149,2
18.731,4.906,1.306,2.763,2
17.235,4.612,-2.508,0.092,2
18.901,5.11,0.27,0.125,2
17.435,4.283,0.088,0.131,2
18.856,4.471,-1.865,0.129,2
18.876,4.439,2.814,0.12,2
20.291,4.756,2.067,0.168,2
17.423,5.007,1.296,0.196,2
17.349,4.867,1.968,0.176,2
17.185,4.462,0.242,0.111,2
19.265,5.321,-2.891,0.164,2
18.586,5.839,2.49,0.197,2
15.915,5.867,2.452,1.379,2
17.538,6.073,2.615,0.173,2
18.874,6.705,-1.165,0.185,2
20.202,6.795,-2.256,0.254,2
18.524,6.757,-1.776,0.288,2
18.861,7.193,0.138,0.346,2
19.269,7.593,0.428,0.357,2
19.047,6.683,-0.93,0.336,2
19.645,6.229,-1.302,0.242,2
20.728,6.446,-2.165,0.253,2
19.825,5.753,-2.314,0.226,2
18.386,5.459,0.491,0.236,2
21.61,5.94,-2.003,0.21,2
18.906,5.148,-0.58,0.224,2
18.734,5.186,1.58,0.248,2
21.351,4.784,-1.477,0.176,2
18.284,4.376,0.004,0.198,2
19.753,4.08,2.394,0.185,2
19.925,4.049,-1.769,0.17,2
18.419,3.94,1.67,0.184,2
21.097,4.139,1.765,0.163,2
19.165,3.596,-1.24,0.172,2
18.066,4.079,0.356,0.187,2
20.267,4.216,2.478,0.194,2
19.315,3.835,-0.278,0.159,2
19.715,3.865,2.323,0.159,2
16.847,4.249,-1.089,0.139,2
18.589,4.897,-0.184,0.151,2
16.514,4.275,1.428,0.138,2
18.225,4.54,-0.399,0.158,2
15.921,4.144,-0.057,0.175,2
18.434,4.788,0.944,0.184,2
17.19,4.44,1.376,0.239,2
19.469,5.196,-1.502,0.176,2
18.697,5.077,-0.239,0.181,2
19.341,4.945,-0.961,0.209,2
18.572,4.644,1.234,0.207,2
19.166,4.356,1.229,0.205,2
18.854,3.84,1.086,0.144,2
19.548,3.591,2.247,0.145,2
16.94,3.227,0.229,0.153,2
16.821,3.29,0.876,0.155,2
16.426,3.795,1.54,0.181,2
16.994,4.521,-0.139,0.152,2
18.407,4.261,0.33,3.03,2
15.839,3.863,1.624,0.167,2
21.921,4.391,0.607,3.008,2
16.549,3.338,-0.1,0.11,2
19.473,3.673,-1.654,0.146,2
20.877,4.046,-0.018,0.131,2
17.915,3.866,0.827,0.148,2
16.839,3.618,-0.925,0.145,2
18.51,4.209,-0.186,0.154,2
18.779,4.067,-0.12,0.164,2
17.396,3.54,-0.354,0.206,2
17.646,3.375,-0.663,0.153,2
16.823,3.09,-2.351,0.148,2
20.152,3.889,-1.495,0.175,2
16.559,3.442,0.707,0.198,2
18.917,2.794,2.404,0.132,2
16.619,2.479,2.422,1.602,2
18.679,2.731,-2.077,0.175,2
19.063,3.333,2.063,0.159,2
20.299,3.492,-2.099,0.173,2
20.345,3.881,-1.294,0.215,2
18.328,3.583,2.319,0.178,2
20.56,4.248,-2.703,0.161,2
19.504,4.224,2.235,1.94,2
17.356,3.669,-1.442,2.665,2
16.179,3.933,0.52,0.19,2
18.733,4.797,1.638,0.18,2
18.846,4.98,-1.088,0.161,2
20.511,5.608,0.098,0.181,2
16.759,4.746,-2.157,0.186,2
18.456,4.557,0.564,0.148,2
19.368,4.433,-2.247,0.158,2
17.182,3.811,2.439,0.116,2
20.461,5.213,0.247,0.169,2
18.812,4.948,-2.218,0.178,2
18.826,5.248,2.02,0.232,2
19.886,5.337,-2.435,1.639,2
19.527,5.406,-0.94,0.188,2
18.256,4.794,-2.4,0.215,2
18.231,5.299,1.012,0.233,2
20.032,5.802,-2.543,0.218,2
16.971,4.864,2.19,1.9,2
16.346,4.486,1.858,0.15,2
18.65,5.34,-0.266,0.185,2
18.299,4.929,2.562,0.2,2
16.818,4.55,1.998,0.217,2
18.361,4.532,-0.282,0.218,2
18.218,3.87,-2.661,0.205,2
19.87,3.978,-0.567,0.179,2
19.319,3.82,-2.372,0.172,2
20.574,4.04,2.133,0.174,2
19.18,4.426,-1.106,0.147,2
19.138,4.902,0.686,0.181,2
20.371,5.043,-1.297,0.171,2
19.09,5.128,0.43,0.191,2
20.752,5.499,2.457,0.204,2
22.56,6.253,1.903,0.201,2
19.899,5.677,-0.319,0.193,2
20.285,6.685,0.692,0.234,2
19.284,5.831,1.553,0.203,2
20.041,7.392,1.681,0.235,2
15.267,5.908,1.319,0.167,2
17.504,4.996,2.191,0.168,2
16.883,4.02,-2.083,0.136,2
18.89,4.401,-2.934,0.14,2
18.362,3.888,-2.286,1.982,2
18.835,3.774,-0.44,0.109,2
19.451,3.326,-1.547,0.097,2
20.676,3.953,-1.378,0.132,2
18.481,3.695,-2.814,0.124,2
19.988,4.672,-1.218,0.11,2
19.166,3.834,-2.141,0.145,2
16.773,3.779,0.32,0.151,2
20.274,4.235,2.531,0.16,2
20.525,4.413,2.39,0.156,2
21.533,4.056,-2.229,0.106,2
18.027,3.918,0.028,0.137,2
19.256,4.21,0.321,0.151,2
19.296,4.019,-0.784,0.101,2
20.037,3.914,-2.506,0.075,2
18.998,4.116,-2.393,0.096,2
18.929,4.923,0.386,0.136,2
19.202,5.003,-0.356,0.11,2
18.447,4.599,-2.02,0.127,2
17.996,4.665,-1.284,0.123,2
19.572,5.179,-0.664,0.124,2
18.192,5.27,0.758,0.183,2
19.939,5.512,-1.015,0.134,2
18.308,4.995,-1.723,0.101,2
17.953,4.514,-1.712,0.111,2
20.092,5.098,-2.523,0.1,2
16.915,4.529,1.87,0.111,2
17.673,4.663,-1.659,0.124,2
17.655,4.883,-0.889,0.109,2
20.698,7.182,-2.077,0.133,2
18.704,8.665,-0.881,0.308,2
14.381,7.057,0.458,0.337,2
18.209,7.765,-2.577,0.301,2
20.338,8.897,2.405,0.821,2
21.214,9.349,0.64,2.885,2
20.459,8.155,2.367,0.354,2
18.803,7.331,-1.583,0.324,2
18.984,5.731,-1.733,0.22,2
18.127,5.657,0.713,0.228,2
19.057,5.714,-0.396,0.229,2
21.934,6.4,2.383,0.246,2
21.735,6.25,-1.403,0.229,2
21.643,5.865,1.604,2.399,2
19.621,5.325,-2.815,0.173,2
21.929,5.664,-0.212,3.005,2
19.177,4.456,2.025,0.187,2
19.13,4.45,0.863,0.179,2
20.707,4.303,-2.026,0.119,2
18.822,3.758,-2.695,0.124,2
20.308,4.117,0.724,0.156,2
22.593,4.39,2.223,0.155,2
21.452,4.243,-1.07,0.148,2
18.635,3.632,1.403,2.709,2
20.747,3.927,-1.441,0.102,2
20.888,3.851,-1.717,0.124,2
20.998,3.406,-2.164,0.106,2
17.946,3.183,2.257,0.116,2
20.529,4.135,-1.403,0.124,2
20.817,4.225,-1.472,0.122,2
21.519,4.405,-2.367,0.154,2
22.693,4.578,-2.22,0.11,2
22.603,4.833,-0.819,0.116,2
18.942,4.171,-1.866,0.123,2
19.81,4.464,2.08,0.144,2
18.896,4.289,-1.97,0.146,2
19.006,4.371,1.021,0.184,2
22.101,4.657,2.21,0.134,2
19.241,4.295,0.665,0.136,2
18.212,3.72,-1.818,0.118,2
19.654,4.285,0.611,0.119,2
21.903,4.581,1.73,0.139,2
21.728,4.665,1.365,0.13,2
22.527,4.795,-0.501,3.021,2
21.823,5.24,0.409,0.173,2
20.13,5.029,-1.193,0.183,2
22.234,5.558,-0.759,0.152,2
22.368,5.682,-0.776,0.145,2
22.446,5.626,-1.328,0.171,2
19.185,4.771,1.713,0.201,2
19.06,4.989,-0.915,0.158,2
21.463,6.136,2.605,0.213,2
18.636,5.752,-0.098,0.216,2
21.13,6.344,-2.625,0.227,2
20.488,6.634,2.072,0.257,2
17.401,6.129,1.294,0.262,2
19.591,7.215,0.741,0.239,2
19.75,6.602,-2.213,1.963,2
20.045,6.704,-2.346,0.222,2
19.755,6.702,2.3,0.218,2
18.908,5.366,0.331,3.039,2
19.405,5.328,-0.08,0.139,2
17.232,4.474,2.393,0.152,2
20.456,5.184,-2.063,0.128,2
19.348,4.947,2.399,0.139,2
20.975,5.588,2.585,0.119,2
17.807,5.227,0.464,0.145,2
18.249,5.111,-2.055,0.108,2
19.37,5.507,-0.765,0.111,2
19.9,5.005,-1.642,0.108,2
19.003,4.836,-0.486,0.108,2
19.187,4.386,2.524,0.11,2
16.709,4.281,2.176,0.112,2
18.216,4.715,-0.015,0.126,2
18.663,3.99,-0.064,3.087,2
19.811,4.421,-0.137,0.101,2
18.853,3.853,-2.388,0.103,2
17.866,3.647,-2.18,0.122,2
17.304,3.866,2.006,0.143,2
17.488,4.051,0.161,0.15,2
17.894,3.741,0.249,0.114,2
17.607,3.494,-0.175,0.12,2
19.57,3.906,2.573,1.416,2
21.967,4.461,-2.711,0.108,2
17.991,4.354,0.777,0.154,2
19.159,4.632,2.81,0.13,2
19.89,4.723,0.749,2.969,2
19.298,4.803,-0.649,0.132,2
18.164,3.959,-0.128,0.128,2
19.514,3.876,1.232,0.133,2
17.173,3.468,0.709,0.158,2
16.592,3.007,0.728,0.147,2
19.382,4.024,-1.143,0.157,2
19.659,4.146,-2.795,0.139,2
18.818,4.734,-1.397,0.166,2
17.886,4.137,-2.466,0.147,2
20.099,3.977,-2.921,0.138,2
18.628,3.884,-0.872,0.117,2
19.221,4.163,2.435,0.137,2
18.413,3.76,-0.816,0.163,2
15.363,3.709,0.767,0.166,2
15.679,3.471,1.767,0.133,2
18.218,4.351,-0.416,0.083,2
18.092,4.316,1.668,0.118,2
16.952,5.026,1.589,2.543,2
14.809,4.679,1.215,2.811,2
15.561,5.351,1.842,0.1,2
15.696,5.277,1.692,0.138,2
19.1,6.011,-1.473,0.092,2
18.363,5.672,1.364,0.132,2
18.238,5.561,0.698,0.104,2
16.664,5.434,1.573,0.186,2
17.637,6.846,0.365,0.269,2
15.787,6.657,0.277,0.271,2
18.7,7.499,2.142,0.288,2
20.787,8.31,-1.431,0.169,2
20.384,7.543,1.432,2.606,2
18.321,7.004,0.76,0.279,2
19.402,6.684,0.346,0.253,2
16.565,5.799,-0.943,0.213,2
19.491,6.47,-1.834,0.273,2
20.261,6.398,-2.472,0.297,2
19.636,6.413,-0.488,0.303,2
20.036,6.397,1.144,0.309,2
18.881,5.885,1.869,0.308,2
17.854,4.864,-0.584,0.213,2
21.643,4.533,1.184,0.179,2
17.894,3.384,2.121,0.155,2
19.891,3.65,1.723,0.155,2
18.643,3.305,-1.417,0.134,2
20.735,3.974,-1.986,0.155,2
19.282,4.123,-2.555,0.189,2
19.434,4.356,-2.14,0.218,2
20.135,5.085,0.284,0.2,2
21.082,5.055,-1.309,0.208,2
17.568,4.359,1.058,0.201,2
18.299,4.16,-2.565,0.197,2
18.169,4.041,-0.823,0.174,2
21.624,4.63,1.978,0.192,2
17.311,3.321,-1.725,0.126,2
17.837,3.522,1.055,0.173,2
18.322,3.255,1.059,0.14,2
18.603,2.794,1.431,0.098,2
18.875,2.796,2.315,0.108,2
15.327,2.82,1.987,0.139,2
16.527,3.376,1.248,0.204,2
16.513,3.976,2.023,0.204,2
16.432,3.984,1.727,0.201,2
20.483,4.564,-2.131,0.119,2
18.669,4.053,2.566,0.149,2
17.101,3.622,-2.373,0.147,2
17.169,3.823,-2.835,0.159,2
17.774,4.564,0.287,0.157,2
20.397,5.27,-2.019,0.167,2
17.203,4.65,-0.523,0.142,2
20.114,5.254,1.983,0.186,2
17.585,4.622,2,0.203,2
20.617,5.372,1.443,2.599,2
19.113,5.688,0.44,0.195,2
19.126,5.411,1.12,0.208,2
21.036,5.35,-2.178,0.185,2
20.987,5.176,-1.179,0.164,2
17.423,3.904,1.2,2.766,2
18.672,4.254,0.81,0.181,2
16.795,3.854,0.414,0.185,2
16.162,3.366,-2.295,0.182,2
18.936,4.375,2.084,0.199,2
19.149,4.42,-1.643,0.17,2
17.52,4.391,1.806,0.168,2
18.648,4.499,-1.523,0.155,2
18.412,4.541,-2.578,0.158,2
18.256,4.713,-0.197,0.133,2
14.257,3.745,1.151,0.157,2
16.251,4.007,2.157,0.18,2
17.337,3.808,2.571,0.151,2
17.757,3.717,2.726,0.156,2
19.281,3.96,-2.688,0.139,2
18.238,3.882,-1.637,0.135,2
18.5,3.855,-1.518,0.12,2
18.674,4.002,-1.533,0.13,2
17.011,3.204,2.407,1.602,2
17.323,3.274,-2.512,0.167,2
18.549,3.882,2.205,0.205,2
20.492,5.103,2.652,0.231,2
20.365,5.606,0.188,0.236,2
21.835,5.638,1.326,0.174,2
19.864,4.842,-0.24,0.186,2
20.591,4.577,-0.45,0.17,2
18.145,4.131,-0.063,0.162,2
18.797,4.459,2.047,0.198,2
20.535,5.053,-0.181,0.175,2
20.486,5.546,2.154,0.205,2
21.199,5.791,-1.354,0.184,2
