no-people,people
22.148,17.19
21.426,17.784
18.596,19.963
21.087,20.921
21.643,20.247
20.116,18.866
19.248,16.096
21.305,18.969
18.821,18.148
18.637,20.501
21.007,18.362
18.255,20.173
18.054,17.406
20.206,18.387
18.435,21.269
22.252,18.925
20.63,18.101
18.248,18.844
19.902,18.43
21.82,17.928
20.306,19.604
20.483,18.468
18.057,20.321
21.431,18.754
21.402,18.454
19.128,17.102
20.28,18.046
20.605,14.673
18.648,18.206
19.015,16.734
21.532,17.442
20.615,14.072
17.226,20.852
17.174,16.66
19.608,18.389
20.466,19.159
18.685,17.8
20.595,20.985
21.384,19.39
19.248,18.859
20.574,18.188
19.503,20.756
19.979,18.518
20.607,17.969
22.07,20.207
20.861,18.137
19.549,20.919
22.204,18.261
19.392,19.733
18.92,18.422
20.778,20.985
21.306,18.023
17.331,18.999
18.532,19.009
17.652,20.856
16.353,20.836
21.709,20.198
19.644,18.508
19.123,15.883
17.21,18.226
21.313,20.237
20.593,21.195
16.125,21.229
17.747,15.676
15.645,17.668
20.742,17.822
19.165,21.319
17.864,17.41
18.723,16.268
19.506,17.53
21.777,17.856
20.227,19.074
16.894,19.558
18.133,17.866
18.306,18.648
19.746,19.905
18.125,20.818
17.729,19.678
19.944,17.027
18.776,19.709
14.924,16.537
20.001,17.589
19.61,20.746
19.574,19.264
18.341,17.234
16.828,20.174
18.316,19.458
18.914,18.583
18.362,19.209
19.148,18.676
20.528,19.455
19.716,18.205
18.898,19.878
21.865,18.564
18.99,19.203
18.68,20.203
20.04,21.132
19.348,20.008
19.776,20.221
19.061,17.173
17.954,17.23
20.05,18.876
16.69,22.742
19.021,21.829
17.904,17.772
19.677,18.483
19.88,21.525
17.98,18.486
18.801,16.934
19.925,18.672
17.065,17.256
19.92,19.081
20.104,19.925
19.068,21.329
20.105,21.289
20.078,21.99
20.095,17.33
17.065,19.846
19.041,19.322
18.404,19.69
19.707,20.485
19.097,16.611
19.801,21.434
18.366,21.319
16.196,21.33
18.05,20.296
19.79,21.637
21.025,16.987
20.214,20.009
19.482,20.552
18.498,20.92
19.448,21.211
17.161,21.362
18.636,21.852
20.014,22.179
19.873,17.785
16.643,20.563
18.248,21.762
19.745,19.508
17.466,20.205
16.501,17.64
19.189,18.536
20.293,20.947
19.711,18.068
17.348,19.124
18.749,20.881
19.701,19.127
17.95,19.254
19.839,21.551
18.769,19.568
20.381,19.237
18.881,19.005
19.334,17.674
18.236,20.208
16.788,20.828
17.654,19.735
21.339,18.123
18.805,18.731
17.64,17.235
19.221,18.901
17.864,17.435
16.337,18.856
20.286,18.876
21.792,20.291
17.896,17.423
20.233,17.349
21.406,17.185
17.814,19.265
16.337,18.586
17.317,15.915
17.181,17.538
18.204,18.874
16.983,20.202
18.251,18.524
19.931,18.861
19.897,19.269
18.811,19.047
19.966,19.645
19.129,20.728
17.312,19.825
22.454,18.386
18.294,21.61
19.636,18.906
21.758,18.734
17.975,21.351
19.59,18.284
18.859,19.753
17.994,19.925
18.173,18.419
19.477,21.097
19.409,19.165
20.599,18.066
19.571,20.267
20.553,19.315
19.525,19.715
21.504,16.847
20.469,18.589
17.162,16.514
22.175,18.225
21.165,15.921
19.745,18.434
16.737,17.19
18.735,19.469
18.119,18.697
17.014,19.341
19.985,18.572
19.467,19.166
19.206,18.854
21.382,19.548
18.785,16.94
21.564,16.821
19.12,16.426
18.509,16.994
20.597,18.407
21.975,15.839
19.795,21.921
17.049,16.549
18.614,19.473
19.503,20.877
18.408,17.915
20.892,16.839
17.457,18.51
19.524,18.779
21.213,17.396
18.976,17.646
18.657,16.823
19.406,20.152
20.29,16.559
17.088,18.917
17.07,16.619
18.55,18.679
20.924,19.063
19.221,20.299
18.359,20.345
19.389,18.328
21.623,20.56
19.317,19.504
19.142,17.356
19.103,16.179
20.52,18.733
19.806,18.846
19.844,20.511
17.39,16.759
20.585,18.456
20.257,19.368
20.452,17.182
17.266,20.461
17.671,18.812
18.577,18.826
19.896,19.886
17.245,19.527
19.099,18.256
19.69,18.231
20.184,20.032
21.742,16.971
22.46,16.346
21.378,18.65
18.979,18.299
19.992,16.818
17.84,18.361
20.052,18.218
17.835,19.87
18.791,19.319
19.809,20.574
17.027,19.18
21.034,19.138
19.323,20.371
21.656,19.09
17.767,20.752
20.394,22.56
16.512,19.899
18.568,20.285
19.027,19.284
20.755,20.041
19.95,15.267
19.321,17.504
21.698,16.883
19.758,18.89
18.555,18.362
16.754,18.835
16.837,19.451
21.879,20.676
21.968,18.481
17.507,19.988
18.551,19.166
19.552,16.773
18.696,20.274
20.646,20.525
19.341,21.533
18.681,18.027
20.102,19.256
19.731,19.296
21.094,20.037
21.703,18.998
17.601,18.929
18.943,19.202
21.353,18.447
22.469,17.996
19.624,19.572
17.045,18.192
20.23,19.939
20.443,18.308
22.685,17.953
19.019,20.092
18.174,16.915
20.652,17.673
18.507,17.655
20.924,20.698
19.799,18.704
19.427,14.381
18.374,18.209
19.085,20.338
18.162,21.214
16.656,20.459
21.466,18.803
18.033,18.984
20.078,18.127
19.806,19.057
17.922,21.934
21.04,21.735
17.854,21.643
20.986,19.621
19.285,21.929
21.004,19.177
19.102,19.13
19.774,20.707
19.346,18.822
19.084,20.308
21.135,22.593
21.921,21.452
19.333,18.635
18.882,20.747
19.421,20.888
18.426,20.998
21.126,17.946
18.43,20.529
17.859,20.817
21.175,21.519
17.423,22.693
18.638,22.603
19.567,18.942
19.575,19.81
19.736,18.896
20.996,19.006
19.599,22.101
17.834,19.241
18.608,18.212
19.492,19.654
19.186,21.903
22.152,21.728
18.416,22.527
18.901,21.823
20.957,20.13
19.553,22.234
18.842,22.368
19.732,22.446
19.227,19.185
18.293,19.06
19.853,21.463
20.236,18.636
17.879,21.13
20.331,20.488
20.467,17.401
20.709,19.591
19.608,19.75
17.362,20.044
20.566,19.755
18.917,18.908
18.446,19.405
17.921,17.232
17.433,20.456
19.391,19.348
18.483,20.975
17.016,17.807
17.815,18.249
22.022,19.37
17.63,19.899
19.492,19.003
17.608,19.187
17.995,16.709
20.967,18.216
16.825,18.663
17.864,19.811
18.491,18.853
19.698,17.866
16.977,17.304
21.002,17.488
16.622,17.894
17.123,17.607
17.914,19.57
22.195,21.967
19.802,17.991
18.644,19.159
19.733,19.89
19.27,19.298
17.299,18.164
19.425,19.514
19.246,17.173
22.371,16.592
17.892,19.382
18.466,19.659
19.869,18.818
18.508,17.886
19.688,20.099
20.543,18.628
17.755,19.221
18.327,18.413
20.357,15.363
19.659,15.679
18.444,18.218
19.562,18.092
20.583,16.952
19.385,14.809
19.047,15.561
18.729,15.696
19.268,19.1
17.553,18.363
19.422,18.238
21.79,16.664
15.119,17.637
19.727,15.787
20.166,18.7
21.225,20.787
19.052,20.384
19.7,18.321
19.414,19.402
19.621,16.565
18.757,19.491
17.147,20.261
18.613,19.636
18.296,20.036
19.409,18.881
18.249,17.854
18.721,21.643
20.09,17.894
21.118,19.891
18.692,18.643
19.391,20.735
18.327,19.282
16.905,19.434
19.246,20.135
16.234,21.082
18.46,17.568
21.863,18.299
16.768,18.169
18.557,21.624
18.323,17.311
18.682,17.837
18.299,18.322
17.539,18.603
18.541,18.875
16.616,15.327
18.144,16.527
19.517,16.513
18.244,16.432
19.061,20.483
18.891,18.669
18.445,17.101
20.291,17.169
19.469,17.774
22.669,20.397
19.568,17.203
20.249,20.114
18.006,17.585
19.581,20.617
22.513,19.113
19.872,19.126
18.167,21.036
16.554,20.987
21.382,17.423
16.921,18.672
18.676,16.795
20.786,16.162
17.039,18.936
19.722,19.149
22.072,17.52
18.995,18.648
18.52,18.412
19.084,18.256
22.079,14.257
19.753,16.251
21.663,17.337
19.433,17.757
19.663,19.281
16.571,18.238
16.996,18.5
19.22,18.674
19.789,17.011
19.405,17.323
19.102,18.549
16.532,20.492
20.987,20.365
17.025,21.835
21.004,19.864
19.134,20.591
17.582,18.145
21.62,18.797
18.45,20.535
20.52,20.486
18.108,21.199
19.464,20.032
18.935,21.882
18.041,19.025
19.995,18.11
18.501,17.328
19.046,17.606
20.384,19.477
19.697,16.808
18.312,16.272
20.818,18.806
19.935,20.532
19.923,20.559
19.837,19.208
21.915,18.049
21.701,18.133
19.363,15.613
17.599,19.013
20.33,16.128
20.112,19.039
19.858,17.616
18.882,16.001
20.041,20.41
21.507,19.597
18.524,16.628
19.402,18.279
20.844,20.537
18.519,19.375
19.045,20.032
18.672,21.152
21.255,18.577
20.587,17.945
18.48,17.77
19.406,20.612
19.013,18.463
21.072,18.933
21.316,17.735
16.95,19.104
20.947,18.189
20.427,18.46
19.33,17.094
20.487,16.332
22.126,18.097
22.216,18.479
20.524,15.387
18.962,18
21.364,19.811
19.543,19.644
20.502,20.411
18.605,19.229
17.61,15.799
16.729,18.5
17.361,16.318
16.74,20.917
19.127,16.236
17.739,21.021
18.711,18.896
20.288,19.126
20.524,19.825
19.747,20.206
18.57,23.052
21.288,18.519
19.452,19.206
22.142,19.579
19.67,20.937
17.115,18.65
18.439,18.473
19.757,23.43
19.57,21.728
21.726,16.32
21.228,20.843
18.434,19.839
19.139,17.374
19.689,17.473
17.972,20.335
19.259,18.018
20.655,19.159
19.399,16.36
18.293,18.33
17.378,19.734
17.812,18.437
16.153,18.299
17.657,18.487
17.93,18.173
18.595,17.098
17.324,19.39
20.474,17.112
20.066,17.246
19.719,17.267
19.243,18.084
17.216,17.61
17.798,16.665
19.484,17.508
19.882,16.38
20.177,16.982
17.654,17.044
18.01,19.007
18.288,16.692
18.075,18.406
18.827,20.373
18.732,18.106
19.535,19.875
16.522,17.847
18.846,15.988
17.302,18.013
19.082,18.504
18.519,18.381
18.96,16.165
18.542,18.582
18.631,15.412
19.221,18.729
16.985,16.138
18.944,16.653
18.931,17.341
18.295,16.983
15.753,20.685
18.45,15.483
19.664,17.386
18.492,18.49
19.363,18.202
18.597,18.612
20.507,18.505
19.218,15.961
16.619,18.429
16.498,19.385
19.444,17.931
17.908,19.145
18.395,16.572
19.039,15.468
18.381,17.722
16.96,20.123
20.111,16.171
17.595,20.098
19.085,17.473
19.823,18.182
16.751,18.373
19.572,20.077
19.949,17.134
18.367,17.566
18.085,19.841
18.033,18.679
16.967,17.602
18.967,17.23
20.625,16.985
18.515,17.072
18.862,18.447
17.922,20.456
17.521,16.826
19.35,17.157
17.478,16.914
16.786,18.281
19.676,15.536
19.992,18.253
16.804,19.209
17.103,17.596
17.97,16.422
19.321,20.122
16.849,17.545
19.456,18.977
18.733,15.501
19.743,18.87
19.057,19.66
19.317,17.207
18.728,15.502
16.619,18.383
18.96,17.319
19.762,17.832
19.76,18.794
17.766,18.309
17.772,13.9
18.674,17.799
17.94,19.302
16.334,20.151
18.066,19.627
16.79,18.346
19.317,20.345
16.737,18.711
14.695,18.445
19.578,18.497
19.451,17.29
16.788,20.373
20.118,17.858
18.095,18.935
16.708,19.177
16.597,19.256
19.384,18.774
17.795,19.561
18.183,20.099
19.758,19.442
17.18,18.597
19.988,19.55
15.657,19.679
18.531,17.483
19.879,20.003
17.602,19.555
19.474,19.168
17.049,20.261
19.647,17.982
19.741,17.522
18.167,19.91
17.173,17.321
17.505,18.931
16.536,17.02
17.263,18.853
19.75,20.558
18.741,19.022
17.507,17.116
17.453,17.637
17.288,17.599
18.97,16.557
18.654,18.26
18.931,15.578
18.554,17.618
19.677,16.422
20.127,18.957
17.311,18.329
19.87,16.351
19.469,19.128
18.884,17.463
18.843,19.702
18.8,21.586
17.035,19.846
18.817,18.513
17.156,20.938
18.869,17.883
18.804,20.4
17.977,22.073
17.048,16.725
19.272,16.233
19.081,18.677
18.693,20.16
16.974,17.251
18.252,16.215
20.262,17.188
17.841,15.024
19.515,20.446
17.217,18.191
17.762,16.035
17.309,18.651
20.215,17.031
20.001,18.319
19.154,15.619
19.914,15.718
18.664,18.041
16.241,18.522
17.982,17.573
18.925,18.325
17.71,16.765
17.585,21.896
18.022,18.96
18.683,19.529
17.301,17.782
17.172,19.368
17.525,19.37
17.862,20.143
18.181,20.566
18,21.311
20.446,18.022
18.158,21.723
16.063,21.664
17.422,17.183
17.507,21.065
20.228,21.806
17.878,17.701
14.053,18.35
18.771,16.076
18.973,18.16
17.274,17.175
19.835,15.109
17.566,19.201
19.861,15.942
18.08,19.304
17.742,18.104
18.691,21.21
18.423,18.555
18.643,18.62
19.066,18.141
17.73,18.387
19.379,16.954
18.847,20.101
15.519,18.964
19.053,18.396
19.415,18.518
19.707,17.89
16.007,20.282
17.942,19.963
17.258,19.955
18.583,18.553
16.571,19.526
18.107,21.47
18.934,20.789
17.422,20.141
19.321,19.077
16.481,21.265
16.94,21.666
18.093,20.191
18.578,19.235
16.559,21.094
18.873,19.748
16.904,19.877
18.966,19.375
18.644,18.129
19.1,20.75
15.599,20.13
17.204,20.142
15.568,18.249
15.677,19.254
16.201,20.078
16.964,23.107
18.992,20.21
19.069,19.971
18.067,19.166
18.905,21.111
18.061,16.686
19.79,18.986
16.986,19.007
15.959,19.998
15.969,21.759
17.097,18.814
17.95,19.517
18.779,19.645
20.763,21.17
21.262,17.461
17.711,20.019
16.498,18.086
19.276,23.202
16.857,19.846
16.877,18.415
17.785,20.193
16.873,21.096
17.581,18.866
18.343,19.621
19.521,21.597
17.715,19.89
19.33,17.437
17.814,17.64
18.74,16.292
16.032,17.059
16.078,14.809
17.872,18.086
19.148,18.288
16.928,17.056
19.049,17.779
19.741,18.795
18.619,17.85
17.348,19.437
18.834,18.782
16.601,18.007
20.009,18.401
19.416,17.402
16.891,20.136
18.082,21.164
17.15,21.132
18.363,19.012
17.599,16.92
17.458,16.693
15.973,19.651
18.565,21.619
17.552,19.663
18.525,17.642
20.942,21.596
17.632,19.339
20.709,19.356
16.034,18.356
20.488,17.929
16.877,18.125
18.688,18.963
17.387,18.423
16.743,18.136
19.01,18.197
18.914,21.172
18.508,18.706
18.587,19.17
19.364,19.092
19.415,18.544
19.578,17.918
17.969,15.536
19.03,20.353
18.317,18.442
18.479,16.162
19.062,18.895
19.279,18.328
18.836,19.354
18.254,17.752
16.988,20.743
16.318,19.219
17.088,18.168
20.061,18.651
20.236,21.016
18.939,22.007
19.086,17.685
16.693,20.015
15.972,18.059
18.678,17.716
19.045,20.053
15.973,14.837
19.15,14.803
19.357,15.187
19.195,15.436
18.025,18.075
18.937,15.992
19.78,20.084
17.215,14.61
18.723,18.848
17.921,15.947
16.813,14.445
17.886,16.133
18.538,16.187
19.323,17.434
19.072,16.612
16.813,16.616
20.655,15.78
19.018,16.8
17.879,17.599
18.561,16.284
18.186,20.697
18.489,19.729
15.981,20.865
16.415,19.968
18.995,18.478
17.938,19.528
17.235,22.642
17.434,19.711
17.844,19.12
18.003,18.219
15.83,21.41
16.778,19.478
18.146,19.255
19.103,19.111
16.784,19.679
16.133,19.618
17.988,20.275
17.888,18.52
17.694,21.243
17.628,20.898
17.954,22.597
16.717,20.484
16.913,19.534
17.839,20.113
18.992,20.966
19.186,24.966
18.125,19.564
17.862,20.67
19.004,16.349
18.487,20.526
18.655,19.022
16.789,20.163
21.858,18.06
17.093,18.475
17.288,18.615
16.354,19.752
17.585,19.625
21.351,18.506
17.882,21.208
15.799,23.964
21.435,21.816
16.499,18.971
17.827,20.215
17.47,19.269
18.712,20.159
18.208,20.307
21.921,17.884
18.885,19.753
18.451,20.159
17.629,18.004
18.811,18.255
19.573,19.555
20.249,17.154
17.965,21.347
18.935,19.805
16.735,20.991
17.747,16.525
20.683,21.49
17.017,20.298
19.067,19.43
17.441,17.682
18.745,22.641
18.094,20.567
19.679,19.718
19.236,22.471
16.595,20.686
20.263,19.774
18.799,19.798
18.392,17.746
20.308,16.627
16.704,19.527
16.849,20.403
17.388,18.699
16.809,17.501
17.671,17.563
18.73,20.457
18.116,19.111
19.139,19.172
16.761,17.925
18.848,20.825
18.27,22.169
17.798,18.994
17.771,20.945
18.654,21.09
16.062,19.889
17.365,19.103
17.713,18.245
18.805,18.188
17.87,21.766
16.427,17.197
15.874,19.598
16.026,18.314
17.792,19.907
17.662,12.827
19.341,18.54
18.431,18.559
18.252,16.754
19.908,17.915
18.162,17.874
19.115,21.775
17.493,21.45
17.283,21.632
17.775,20.45
19.808,20.026
19.334,19.068
17.852,18.777
20.462,18.79
20.114,18.303
17.221,18.856
19.566,16.474
17.109,17.443
19.354,20.817
16.043,21.302
18.295,19.224
18.686,17.757
19.506,20.887
16.613,18.021
21.707,15.739
21.202,19.198
18.975,16.182
18.193,19.441
16.336,16.985
18.178,15.502
18.202,14.592
19.952,17.3
19.045,16.407
14.831,19.103
17.406,18.367
18.1,20.546
18.131,17.178
20.076,16.963
19.81,16.709
19.366,18.727
20.059,20.429
18.76,19.128
18.339,18.425
17.991,19.062
19.282,18.339
19.191,19.471
19.222,20.819
17.887,21.56
16.745,19.038
18.493,19.32
16.004,19.619
21.587,19.187
21.335,18.58
18.846,17.139
21.553,20.431
19.722,18.608
20.38,18.769
17.928,20.221
18.679,18.876
17.281,17.615
18.481,17.595
19.014,21.317
19.676,16.242
19.741,19.322
17.87,19.941
19.333,17.85
18.684,19.721
19.53,15.632
19.966,20.833
18.888,16.46
18.394,16.224
16.825,19
18.556,18.242
18.305,19.615
19.398,17.159
16.963,16.762
18.009,21.342
17.855,21.028
18.121,18.026
18.165,19.845
18.824,20.689
19.147,18.519
21.716,19.485
16.79,18.772
18.822,20.028
18.777,17.681
18.974,16.766
19.25,16.04
18.77,16.287
17.393,19.245
19.203,19.525
21.466,20.035
19.794,18.919
19.324,17.604
16.31,18.685
18.72,22.413
18.628,18.096
19.475,21.159
17.889,19.074
19.804,20.056
16.008,17.948
18.859,17.117
20.327,19.586
21.381,16.555
16.372,19.838
16.446,20.143
17.998,15.76
18.91,16.429
16.948,18.366
16.597,16.082
19.127,13.166
17.957,15.823
21.457,16.006
19.045,15.115
17.977,16.98
17.869,15.823
18.818,16.539
19.227,15.23
16.144,16.332
18.558,17.169
19.593,17.338
18.754,16.753
18.017,18.983
16.11,16.81
17.932,18.514
18.779,16.759
18.471,17.446
18.716,18.661
17.921,18.4
19.034,18.927
18.505,21.275
17.947,20.934
20.231,19.11
19.098,19.647
18.694,20.572
19.345,18.492
15.736,20.726
21.676,19.506
19.392,19.555
18.176,15.615
18.434,17.192
18.566,20.158
18.485,20.063
21.914,17.868
14.523,16.391
18.227,20.133
17.599,18.927
19.09,17.324
18.292,17.976
16.846,15.326
16.451,19.133
19.29,17.718
19.769,16.923
18.502,18.575
18.518,17.591
15.226,17.142
19.739,18.06
18.73,15.265
19.947,17.816
18.939,17.94
20.495,15.931
21.593,17.44
21.451,17.31
18.555,16.528
18.09,17.035
21.418,14.489
16.296,16.977
17.854,14.564
21.497,11.873
16.926,13.235
20.118,18.463
18.076,18.016
19.75,18.942
19.4,19.568
19.332,17.336
17.171,18.424
18.534,16.845
19.437,21.188
19.267,16.714
18.975,18.096
17.306,19.457
18.368,17.869
15.934,20.382
18.32,20.448
17.707,18.932
19.659,21.643
19.432,19.095
18.95,18.935
20.545,16.534
19.091,16.977
16.717,18.804
16.75,18.106
20.238,17.947
21.331,18.058
21.578,20.213
18.537,19.45
16.577,17.601
19.027,20.164
19.928,19.381
18.589,18.028
18.808,18.839
19.148,16.776
18.49,17.697
16.569,17.65
20.167,18.134
16.941,17.176
17.266,15.902
21.138,17.711
17.585,14.307
19.779,16.355
19.643,17.188
18.967,14.721
15.008,16.112
18.634,18.093
20.028,17.974
19.943,18.103
19.366,18.509
19.554,17.364
19.317,16.923
19.553,19.592
19.023,17.243
17.647,16.727
18.414,20.669
16.352,20.318
17.101,18.971
19.853,19.033
19.829,19.434
20.746,18.968
17.96,19.192
18.623,18.014
14.954,19.376
18.859,20.767
17.429,18.909
19.27,16.973
19.517,17.741
19.461,15.218
17.658,13.757
17.615,16.842
19.782,17.319
19.699,18.104
18.855,16.987
19.956,16.353
22.37,19.062
20.111,20.089
19.765,20.404
18.15,20.398
19.984,16.727
19.033,17.272
19.547,21.885
18.726,21.115
19.448,20.196
19.617,17.346
19.157,17.969
19.833,20.804
19.676,20.994
18.652,20.209
18.363,21.832
19.157,18.984
19.404,19.055
18.889,18.063
18.943,20.258
19.561,17.69
20.118,17.234
19.903,19.215
19.813,15.105
20.137,17.433
18.238,15.632
19.043,17.104
19.779,18.074
17.061,18.56
17.231,17.604
19.966,16.373
17.818,19.015
16.611,18.364
18.566,16.217
18.447,17.238
19.13,19.113
18.735,19.6
16.286,18.868
19.173,16.377
19.793,18.939
18.071,19.78
19.795,19.667
19.468,18.67
16.924,20.853
18.683,21.312
17.324,17.515
18.294,20.685
17.479,21.502
17.446,17.91
19.405,19.83
18.814,20.726
19.286,19.325
16.833,22.663
17.089,19.148
19.867,19.004
18.745,18.951
19.03,20.708
22.207,19.851
18.992,17.231
19.006,17.262
18.298,18.77
19.355,17.576
18.97,16.467
18.439,15.053
22.076,19.216
18.848,18.039
19.528,17.356
20.827,20.575
17.706,20.688
18.661,23.37
19.085,21.249
19.069,22.127
19.786,21.051
17.996,19.768
18.345,19.298
18.463,21.429
19.932,21.017
19.407,19.701
18.831,21.794
19.679,18.84
19.894,19.603
17.811,19.244
19.019,20.512
17.282,21.773
16.459,19.801
18.701,21.368
20.056,19.796
18.174,20.844
18.587,20.089
18.794,21.162
17.125,20.721
19.915,21.372
18.914,20.218
19.2,19.455
17.016,19.296
19.999,20.376
17.417,17.338
19.161,21.251
16.487,17.028
19.496,19.014
20.312,22.134
18.35,17.971
17.788,21.253
18.522,19.199
17.719,18.562
22.064,20.635
19.282,20.368
17.944,20.909
16.925,19.749
19.812,20.832
19.329,21.721
17.317,20.151
17.63,21.024
18.542,20.156
18.483,21.653
18.572,19.667
17.416,20.289
19.619,21.018
16.874,19.486
17.217,20.855
19.755,19.935
19.375,21.538
17.923,19.828
17.862,19.714
19.391,20.703
21.613,19.523
19.006,20.183
18.992,19.547
19.877,22.241
19.914,17.771
17.192,20.662
18.359,19.046
16.117,20.663
19.518,19.405
18.391,17.913
17.763,18.359
16.516,19.272
19.219,20.439
18.214,16.946
17.821,17.557
19.486,19.445
19.911,17.267
20.018,17.412
19.592,18.137
17.259,17.359
17.124,21.84
20.927,21.815
17.738,16.969
17.688,18.734
19.691,21.66
19.006,21.027
19.48,18.345
19.799,17.81
19.486,17.267
15.211,18.693
19.965,19.737
19.514,21.519
22.164,20.463
19.687,18.688
19.403,21.467
21.319,17.14
19.076,19.494
16.727,18.35
18.947,17.599
19.939,20.83
17.446,20.252
19.817,18.104
18.499,20.761
19.328,18.198
18.197,17.719
18.48,16.823
18.765,18.338
18.341,14.845
18.458,15.937
15.335,20.243
19.266,20.578
18.227,19.858
18.467,19.289
18.175,20.297
17.058,17.009
18.932,19.115
18.205,20.276
19.267,16.834
18.526,21.415
16.497,18.36
19.059,17.979
17.174,17.836
15.903,18.986
18.498,22.674
17.766,21.708
18.413,19.089
19.444,24.23
18.636,21.235
19.089,17.657
19.828,20.402
19.468,17.547
17.692,21.183
17.223,21.157
19.605,22.716
19.266,20.642
19.524,20.841
19.763,19.041
18.109,20.763
16.744,18.83
16.635,18.606
18.17,17.829
18.073,17.693
17.927,20.062
21.102,20.245
19.264,18.818
19.491,19.158
17.613,17.716
17.061,17.346
16.886,17.52
16.27,19.598
17.667,20.218
17.493,17.739
17.643,19.46
18.21,17.401
19.304,16.798
18.126,20.434
16.47,17.297
17.644,18.1
17.836,20.058
17.266,19.07
18.394,18.221
19.112,20.425
18.597,16.988
19.165,17.713
19.959,18.235
19.259,19.534
18.585,21.995
18.646,19.539
16.223,18.316
16.974,16.344
19.207,19.571
18.9,16.573
16.955,18.688
21.107,21.12
16.153,18.842
19.563,17.85
17.158,17.056
21.535,16
18.619,18.769
21.194,21.263
18.584,20.478
21.7,18.827
18.751,19.739
16.608,18.572
20.51,17.747
17.006,19.319
19.221,17.433
19.445,16.944
17.291,19.74
16.193,17.763
18.365,17.729
18.445,18.455
21.437,21.05
21.083,20.959
18.295,20.922
14.487,20.701
19.34,20.186
17.954,19.34
17.879,19.291
16.465,17.014
17.538,19.094
16.518,19.438
21.45,17.727
17.279,20.573
20.486,20.123
18.41,20.003
19.444,17.406
18.587,21.807
17.28,18.637
17.251,18.445
20.499,20.124
18.203,20.264
17.093,19.423
18.596,20.121
18.136,19.173
17.573,18.674
19.055,20.741
17.761,21.021
19.922,19.687
18.465,19.042
20.103,21.762
18.889,19.167
17.2,21.301
19.042,21.166
20.155,17.775
18.386,20.278
19.501,20.97
18.663,21.113
17.926,18.39
20.703,19.89
17.488,19.312
19.04,20.589
17.258,19.084
17.433,18.88
18.474,22.991
19.205,23.343
20.874,19.044
19.452,19.084
15.002,20.777
17.733,21.099
17.983,20.577
20.237,21.16
18.112,20.34
20.573,20.814
17.096,20.846
17.341,20.911
20.183,20.018
16.706,19.762
20.967,17.595
18.286,20.758
18.6,19.691
15.87,20.372
16.806,19.71
18.449,16.395
17.96,16.989
18.027,15.231
20.47,16.522
17.356,18.213
20.752,19.091
21.311,15.485
18.815,15.605
21.868,17.136
17.286,17.628
18.65,15.743
21.217,17.264
20.172,18.595
22.395,19.091
20.379,18.293
18.413,18.81
20.086,18.527
19.332,19.242
20.153,17.972
20.153,19.796
20.153,21.094
20.153,20.69
20.153,18.183
20.153,18.981
20.153,19.104
20.153,18.192
20.153,17.584
20.153,19.092
20.153,22.081
20.153,20.094
20.153,18.693
20.153,18.75
20.153,19.956
20.153,17.591
20.153,18.567
20.153,17.965
20.153,20.563
20.153,19.441
20.153,16.747
20.153,18.713
20.153,14.489
20.153,16.891
20.153,15.344
20.153,17.514
20.153,16.641
20.153,15.261
20.153,19.513
20.153,21.073
20.153,21.162
20.153,16.917
20.153,18.669
20.153,19.099
20.153,19.325
20.153,19.19
20.153,18.361
20.153,20.313
20.153,19.742
20.153,16.224
20.153,20.19
20.153,21.684
20.153,21.366
20.153,18.179
20.153,20.677
20.153,18.647
20.153,22.013
20.153,16.962
20.153,19.334
20.153,19.339
20.153,18.725
20.153,19.325
20.153,20.527
20.153,19.636
20.153,20.798
20.153,19.595
20.153,18.088
20.153,18.314
20.153,18.023
20.153,20.531
20.153,17.768
20.153,19.521
20.153,17.528
20.153,18.222
20.153,19.424
20.153,18.278
20.153,16.947
20.153,16.537
20.153,19.223
20.153,16.067
20.153,17.265
20.153,18.345
20.153,17.915
20.153,18.412
20.153,16.169
20.153,17.385
20.153,17.025
20.153,17.748
20.153,16.468
20.153,19.504
20.153,17.297
20.153,18.397
20.153,19.096
20.153,18.803
20.153,19.074
20.153,17.651
20.153,15.561
20.153,19.218
20.153,18.598
20.153,16.313
20.153,17.135
20.153,16.209
20.153,18.865
20.153,17.296
20.153,16.939
20.153,20.621
20.153,20.807
20.153,19.02
20.153,18.822
20.153,22.466
20.153,19.572
20.153,19.413
20.153,19.021
20.153,19.717
20.153,17.551
20.153,19.279
20.153,18.403
20.153,17.881
20.153,19.764
20.153,17.805
20.153,17.504
20.153,17.333
20.153,19.644
20.153,17.167
20.153,16.283
20.153,17.806
20.153,18.087
20.153,19.716
20.153,18.832
20.153,20.306
20.153,20.308
20.153,20.002
20.153,18.899
20.153,20.889
20.153,20.016
20.153,18.569
20.153,17.911
20.153,20.571
20.153,17.611
20.153,17.221
20.153,18.304
20.153,17.015
20.153,17.456
20.153,18.221
20.153,19.333
20.153,20.094
20.153,17.549
20.153,17.14
20.153,19.108
20.153,20.034
20.153,17.363
20.153,17.743
20.153,18.023
20.153,18.497
17.26,19.034
17.26,16.579
17.26,16.8
17.26,18.276
17.26,18.538
17.26,17.125
17.26,18.924
17.26,18.973
17.26,20.859
17.26,17.898
17.26,18.569
17.26,19.759
17.26,17.806
17.26,20.65
17.26,19.055
17.26,18.023
17.26,18.519
17.26,18.922
17.26,17.257
17.26,18.576
17.26,16.287
17.26,16.47
17.26,19.154
17.26,19.548
17.26,18.593
17.26,21.18
17.26,18.556
17.26,18.337
17.26,18.741
17.26,20.724
17.26,18.295
17.26,21.353
17.26,21.694
17.26,21.498
17.26,18.383
17.26,19.369
17.26,19.522
17.26,19.787
17.26,20.259
17.26,18.621
17.26,17.582
17.26,19.563
17.26,19.478
17.26,21.775
17.26,18.746
17.26,18.388
17.26,18.459
17.26,18.402
17.26,19.996
17.26,17.218
17.26,16.86
17.26,17.529
17.26,18.632
17.26,19.132
17.26,18.298
17.26,21.118
17.26,18.92
17.26,18.676
17.26,21.794
17.26,22.487
17.26,18.849
17.26,21.04
17.26,17.654
17.26,21.193
17.26,20.128
17.26,18.828
17.26,18.401
17.26,18.857
17.26,17.985
17.26,19.706
17.26,18.553
17.26,19.952
17.26,21.774
17.26,17.278
17.26,17.088
17.26,18.392
17.26,21.245
17.26,19.065
17.26,18.973
17.26,19.094
17.26,16.62
17.26,18.239
17.26,20.477
17.26,15.849
17.26,16.37
17.26,18.901
17.26,18.345
17.26,20.432
17.26,20.652
17.26,22.418
17.26,22.761
17.26,20.564
17.26,19.435
17.26,22.004
17.26,19.482
17.26,19.577
17.26,18.431
17.26,16.326
17.26,20.05
17.26,17.957
17.26,17.49
17.26,19.225
17.26,22.171
17.26,19.123
17.26,19.681
17.26,21.279
17.26,21.356
17.26,19.43
17.26,21.195
17.26,18.788
17.26,17.399
17.26,20.553
17.26,20.501
17.26,17.149
17.26,19.495
17.26,20.741
17.26,21.917
17.26,19.094
17.26,17.256
17.26,20.794
17.26,21.033
17.26,18.055
17.26,19.781
17.26,20.612
17.26,18.601
17.26,17.661
17.26,17.046
17.26,19.998
17.26,19.161
17.26,20.281
17.26,19.811
17.26,19.744
17.26,20.333
17.26,16.724
17.26,16.693
17.26,18.269
17.26,17.889
17.26,20.18
17.26,21.174
17.26,22.092
17.26,19.66
17.26,17.411
17.26,19.293
17.26,21.081
18.159,19.513
18.159,20.717
18.159,19.622
18.159,18.225
18.159,18.02
18.159,18.432
18.159,14.829
18.159,19.552
18.159,16.229
18.159,16.811
18.159,17.005
18.159,17.303
18.159,17.159
18.159,17.417
18.159,17.866
18.159,16.866
18.159,19.666
18.159,20.509
18.159,19.595
18.159,17.514
18.159,17.953
18.159,19.434
18.159,22.716
18.159,17.56
18.159,18.056
18.159,19.638
18.159,19.293
18.159,18.393
18.159,19.224
18.159,18.353
18.159,20.504
18.159,18.5
18.159,18.914
18.159,20.036
18.159,18.973
18.159,19.02
18.159,22.6
18.159,18.918
18.159,21.891
18.159,17.952
18.159,17.457
18.159,19.082
18.159,21.354
18.159,17.303
18.159,17.925
18.159,17.469
18.159,17.657
18.159,16.57
18.159,18.548
18.159,18.081
18.159,14.098
18.159,17.309
18.159,17.666
18.159,17.91
18.159,17.032
18.159,20.592
18.159,19.34
18.159,15.306
18.159,18.736
18.159,18.555
18.159,20.789
18.159,18.726
18.159,19.132
18.159,21.211
18.159,17.372
18.159,21.365
18.159,21.476
18.159,20.844
18.159,19.223
18.159,19.419
18.159,20.562
18.159,19.695
18.159,22.173
18.159,18.834
18.159,20.912
18.159,17.804
18.159,18.145
18.159,19.349
18.159,18.258
18.159,16.648
18.159,19.587
18.159,16.701
18.159,18.692
18.159,17.703
18.159,16.64
18.159,18.479
18.159,18.462
18.159,19.455
18.159,17.269
18.159,19.557
18.159,19.683
18.159,20.325
18.159,19.476
18.159,19.102
18.159,21.857
18.159,19.598
18.159,17.288
18.159,18.954
18.159,20.901
18.159,18.642
18.159,19.712
18.159,19.407
18.159,21.112
18.159,19.332
18.159,19.632
18.159,18.623
18.159,17.618
18.159,17.632
18.159,17.369
18.159,18.68
18.159,16.769
18.159,16.827
18.159,18.71
18.159,19.175
18.159,19.308
18.159,21.392
18.159,18.339
18.159,18.946
18.159,16.716
18.159,16.247
18.159,20.022
18.159,16.061
18.159,18.043
18.159,19.351
18.159,20.68
18.159,19.137
18.159,17.053
18.159,17.987
18.159,18.869
18.159,17.637
18.159,14.412
18.159,17.395
18.159,16.44
18.159,19.113
18.159,17.389
18.159,19.788
18.159,21.141
18.159,19.898
18.159,18.339
18.159,20.299
18.159,18.541
18.159,17.55
18.159,17.031
18.159,20.926
20.898,19.496
18.691,17.859
19.785,17.415
18.483,19.528
19.251,18.271
18.142,18.188
19.158,18.734
18.655,19.857
20.365,19.301
18.034,18.512
20.606,18.446
16.527,19.826
18.515,18.348
17.499,18.35
19.389,18.714
16.537,19.452
19.918,19.362
18.599,17.54
20.714,19.814
18.323,17.398
18.143,19.317
18.765,19.422
20.883,17.159
18.231,16.859
21.031,20.9
17.657,19.635
19.23,18.568
20.837,20.301
21.045,19.034
18.329,20.355
18.706,19.248
20.395,21.31
19.288,19.456
17.407,19.877
19.047,21.905
20.715,21.642
19.322,16.776
18.078,17.328
19.71,19.699
16.566,18.804
17.675,17.89
20.423,20.245
17.435,19.056
17.198,16.782
19.261,18.147
17.788,19.348
19.359,20.008
18.495,19.272
19.042,19.815
15.6,18.459
20.893,21.148
18.801,18.517
18.222,17.321
18.938,18.626
19.3,20.946
19.636,20.283
16.371,18.136
18.703,17.221
21.428,18.068
20.602,19.135
21.849,19.171
20.574,18.917
21.938,19.797
19.044,19.692
16.351,19.112
18.628,18.176
20.167,17.477
17.958,19.518
17.742,17.632
21.868,19.862
17.787,20.009
19.613,18.37
21.317,19.352
20.973,20.507
18.688,19.493
19.009,19.894
19.892,19.733
19.651,17.961
19.103,18.393
18.18,17.915
19.635,20.567
17.323,19.822
19.167,20.589
19.755,23.349
19.29,17.994
17.875,18.833
20.23,20.607
19.853,18.234
18.567,20.934
18.004,21.844
20.501,19.655
19.924,19.218
20.438,18.529
19.636,22.879
17.426,17.868
19.392,18.701
21.589,20.178
19.245,18.549
19.463,21.443
19.902,19.477
21.254,20.239
21.332,18.773
21.605,18.682
19.542,18.085
22.083,20.433
18.194,23.357
18.394,18.93
17.284,19.894
19.329,20.286
18.418,19.176
18.267,19.226
19.146,20.89
18.807,18.709
19.374,19.152
19.171,19.051
19.606,20.465
17.473,19.348
17.142,21.907
22.189,22.024
19.061,21.311
18.562,20.205
16.931,20.031
19.564,17.352
19.351,18.202
20.598,20
19.985,18.483
19.945,19.052
21.467,18.464
21.909,19.716
19.063,21.781
19.96,18.748
20.751,20.049
19.829,22.667
16.508,20.198
22.257,19.386
18.616,20.342
20.279,17.554
15.435,19.53
19.773,16.638
20.202,17.637
18.994,19.757
22.522,16.188
22.299,18.209
18.359,18.629
